hh,hh:erode,hh:surat,nn:surat,nn:erode
nn,hh:surat,nn:surat,ref:lucknow,ktm:lucknow,nn:kolkata,mcm:mumbai,gtm:surat,nn:coimbatore,rr:coimbatore,sgm:lucknow,gtm:mumbai,sgm:surat,ref:mumbai
gg,nn:erode,hh:erode,hh:surat,gg:erode
Century Exports,Acvghbjnkjl:Ambala City
Anuradha Fabrics,nn:Balotra,nn:Ambala City,nn:Bahraich,nn:Ambala Hub,gg:Ankleshwar,ss:Amritsar
Balaji Textile Mills,nn:Bahraich,ss:Bahadurgarh,gg:Aligarh
st,sgm:lucknow,ktm:surat,rr:pali,ve:lucknow,jg:surat,gtm:chennai,gtm:delhi,ref:delhi,st:madurai,gtm:coimbatore,ve:pali,mcm:mumbai,ve:madurai
ref,jg:chennai,ktm:lucknow,sgm:kanpur,ktm:kanpur,nn:mumbai,ve:kanpur,ktm:kolkata,mcm:delhi,sgm:surat,ve:lucknow,ktm:chennai
sgm,gtm:madurai,st:chennai,ktm:kolkata,mcm:madurai,sgm:pali,jg:pali,ve:kanpur,rr:kolkata,jg:delhi
ve,ref:chennai,mcm:surat,ve:chennai,st:lucknow,sgm:mumbai,nn:kolkata,ve:mumbai,sgm:coimbatore,jg:pali,st:coimbatore
ktm,nn:mumbai,jg:coimbatore,st:kolkata,ref:delhi,ktm:kolkata,ktm:delhi,rr:chennai,st:pali,ktm:madurai,st:delhi,sgm:delhi,ktm:coimbatore,gtm:coimbatore,st:lucknow,ref:madurai,nn:chennai
rr,sgm:mumbai,ve:lucknow,jg:chennai,mcm:chennai,gtm:delhi,ktm:coimbatore,ktm:delhi,ve:madurai,sgm:pali,mcm:mumbai,rr:chennai,rr:madurai
mcm,rr:chennai,gtm:surat,nn:pali
jg,st:lucknow,sgm:lucknow,sgm:surat,jg:chennai,ref:pali,sgm:kanpur,sgm:kolkata
gtm,rr:kolkata,sgm:chennai,ve:coimbatore,st:chennai,nn:madurai,nn:kanpur
HPkusdf,Qertyui:Bhopal
